{
  "8f8cfa89-b0b4-4984-a94b-a8d0a443542a": {
    "file_id": "8f8cfa89-b0b4-4984-a94b-a8d0a443542a",
    "filename": "8f8cfa89-b0b4-4984-a94b-a8d0a443542a.json",
    "original_filename": "triotech_content.json",
    "company_id": "TrioTech",
    "size": 2098,
    "extension": ".json",
    "created_at": "2025-08-28 17:20:25.890043",
    "metadata": {
      "status": "uploaded",
      "content_type": "application/json"
    }
  },
  "f9f335c5-6bb6-4a1a-81a2-754fdeac5284": {
    "file_id": "f9f335c5-6bb6-4a1a-81a2-754fdeac5284",
    "filename": "f9f335c5-6bb6-4a1a-81a2-754fdeac5284.txt",
    "original_filename": "triotech_knowledge.txt",
    "company_id": "TrioTech",
    "size": 12730,
    "extension": ".txt",
    "created_at": "2025-08-28 17:20:29.462400",
    "metadata": {
      "status": "uploaded",
      "content_type": "text/plain"
    }
  }
}